Number,Name,Quote
1,Alice,"I've learned to cherish every sunrise."
2,John,"In the battle, hope is my shield."
3,Emily,"Tough times revealed my resilience."
4,Michael,"With faith, I'm conquerable."
5,Sarah,"Dark times unveiled my strength."
6,David,"Through adversity, I found beauty."
7,Olivia,"A chapter, not my whole story."
8,James,"Bend me, but won't break me."
9,Grace,"I'm a survivor, not a statistic."
10,Liam,"In the storm, I found my rainbow."
11,Ava,"I see the power of a positive mindset."
12,Daniel,"Scars are proof of my courage."
13,Sophia,"I value every precious moment."
14,Ethan,"My spirit remains on fire."
15,Nora,"Perspective is my gift."
